-- MySQL Script generated by MySQL Workbench
-- Fri Feb 11 21:15:32 2022
-- Model: New Model    Version: 1.0
-- MySQL Workbench Forward Engineering

SET @OLD_UNIQUE_CHECKS=@@UNIQUE_CHECKS, UNIQUE_CHECKS=0;
SET @OLD_FOREIGN_KEY_CHECKS=@@FOREIGN_KEY_CHECKS, FOREIGN_KEY_CHECKS=0;
SET @OLD_SQL_MODE=@@SQL_MODE, SQL_MODE='ONLY_FULL_GROUP_BY,STRICT_TRANS_TABLES,NO_ZERO_IN_DATE,NO_ZERO_DATE,ERROR_FOR_DIVISION_BY_ZERO,NO_ENGINE_SUBSTITUTION';

-- -----------------------------------------------------
-- Schema mydb
-- -----------------------------------------------------

-- -----------------------------------------------------
-- Schema mydb
-- -----------------------------------------------------
CREATE SCHEMA IF NOT EXISTS `notas` DEFAULT CHARACTER SET utf8 ;
USE `notas` ;

-- -----------------------------------------------------
-- Table `mydb`.`Usuarios`
-- -----------------------------------------------------
CREATE TABLE IF NOT EXISTS `notas`.`Usuarios` (
  `id` INT NOT NULL,
  `nombre` VARCHAR(45) NULL,
  `email` VARCHAR(45) NULL,
  PRIMARY KEY (`id`))
ENGINE = InnoDB;

INSERT INTO `usuarios` VALUES(1,"Jorge","Jorge@gmail.com")
,(2,"Ramon","Ramon@gmail.com")
,(3,"Liliana","Liliana@gmail.com")
,(4,"Maria","Maria@gmail.com")
,(5,"Susana","Susana@gmail.com")
,(6,"Pedro","Pedro@gmail.com")
,(7,"German","German@gmail.com")
,(8,"Adrian","Adrian@gmail.com")
,(9,"Kevin","Kevin@gmail.com")
,(10,"Rosa","Rosa@gmail.com");


-- -----------------------------------------------------
-- Table `mydb`.`Notas`
-- -----------------------------------------------------
CREATE TABLE IF NOT EXISTS `notas`.`Notas` (
  `id` INT NOT NULL,
  `titulo` VARCHAR(45) NOT NULL,
  `fechaCreacion` DATE NOT NULL,
  `fechaModificacion` DATE NOT NULL,
  `descripcion` TINYTEXT NOT NULL,
  `sePuedeEliminar` INT NOT NULL,
  `id_usuario` INT NOT NULL,
  PRIMARY KEY (`id`),
  INDEX `id_usuario_idx` (`id_usuario` ASC) VISIBLE,
  CONSTRAINT `id_usuario`
    FOREIGN KEY (`id_usuario`)
    REFERENCES `mydb`.`Usuarios` (`id`)
    ON DELETE NO ACTION
    ON UPDATE NO ACTION)
ENGINE = InnoDB;
INSERT INTO `Notas` VALUES(1,"Nota1","2022-02-11","2022-02-11","Primera nota creada el dia de hoy",1,3)
,(2,"Nota2","2022-02-11","2022-02-11","Primera nota creada el dia de hoy",1,3)
,(3,"Nota3","2022-02-11","2022-02-11","Primera nota creada el dia de hoy",1,1)
,(4,"Nota4","2022-02-11","2022-02-11","Primera nota creada el dia de hoy",1,9)
,(5,"Nota5","2022-02-11","2022-02-11","Primera nota creada el dia de hoy",1,6)
,(6,"Nota6","2022-02-11","2022-02-11","Primera nota creada el dia de hoy",1,3)
,(7,"Nota7","2022-02-11","2022-02-11","Primera nota creada el dia de hoy",1,7)
,(8,"Nota8","2022-02-11","2022-02-11","Primera nota creada el dia de hoy",1,2)
,(9,"Nota9","2022-02-11","2022-02-11","Primera nota creada el dia de hoy",1,8)
,(10,"Nota10","2022-02-11","2022-02-11","Primera nota creada el dia de hoy",1,3);


-- -----------------------------------------------------
-- Table `mydb`.`Categorias`
-- -----------------------------------------------------
CREATE TABLE IF NOT EXISTS `notas`.`Categorias` (
  `id` INT NOT NULL,
  `nombre` VARCHAR(45) NOT NULL,
  PRIMARY KEY (`id`))
ENGINE = InnoDB;

INSERT INTO `Categorias` VALUES(1,"Deporte")
,(2,"Musica")
,(3,"Entretenimiento")
,(4,"Estudio")
,(5,"Ocio")
,(6,"Salud")
,(7,"Arte")
,(8,"Lectura")
,(9,"Informatica")
,(10,"Comida");
-- -----------------------------------------------------
-- Table `mydb`.`Notas_Categorias`
-- -----------------------------------------------------
CREATE TABLE IF NOT EXISTS `notas`.`Notas_Categorias` (
  `id` INT NOT NULL,
  `id_nota` INT NOT NULL,
  `id_categoria` INT NOT NULL,
  PRIMARY KEY (`id`),
  INDEX `id_nota_idx` (`id_nota` ASC) VISIBLE,
  INDEX `id_categoria_idx` (`id_categoria` ASC) VISIBLE,
  CONSTRAINT `id_nota`
    FOREIGN KEY (`id_nota`)
    REFERENCES `mydb`.`Notas` (`id`)
    ON DELETE NO ACTION
    ON UPDATE NO ACTION,
  CONSTRAINT `id_categoria`
    FOREIGN KEY (`id_categoria`)
    REFERENCES `mydb`.`Categorias` (`id`)
    ON DELETE NO ACTION
    ON UPDATE NO ACTION)
ENGINE = InnoDB;

INSERT INTO `Notas_Categorias` VALUES(1,2,1)
,(2,5,9)
,(3,9,2)
,(4,4,4)
,(5,3,2)
,(6,4,3)
,(7,9,5)
,(8,2,7)
,(9,1,1)
,(10,7,8);


SET SQL_MODE=@OLD_SQL_MODE;
SET FOREIGN_KEY_CHECKS=@OLD_FOREIGN_KEY_CHECKS;
SET UNIQUE_CHECKS=@OLD_UNIQUE_CHECKS;
